<?xml version="1.0" encoding="UTF-8"?>
<project-private xmlns="http://www.netbeans.org/ns/project-private/1">
    <editor-bookmarks xmlns="http://www.netbeans.org/ns/editor-bookmarks/2" lastBookmarkId="0"/>
    <open-files xmlns="http://www.netbeans.org/ns/projectui-open-files/2">
        <group>
            <file>file:/C:/xampp/htdocs/computertimes/application/views/result_view.php</file>
            <file>file:/C:/xampp/htdocs/computertimes/application/views/home.php</file>
            <file>file:/C:/xampp/htdocs/computertimes/application/controllers/getpagecontents.php</file>
            <file>file:/C:/xampp/htdocs/computertimes/application/views/productmodal.php</file>
            <file>file:/C:/xampp/htdocs/computertimes/assets/css/style7524.css</file>
        </group>
    </open-files>
</project-private>
